{"gain":-26837.380000000005,"_timestamp":1.753174442526246e+09,"_step":2,"_wandb":{"runtime":1245},"_runtime":1245}