{"_wandb":{"runtime":3397},"_runtime":3397,"gain":-14.05000000000291,"_timestamp":1.7532607312214525e+09,"_step":4}